"Package","Template","ReadOk","BuildOk","ParseErrors","BraceDelta","V3Residue","LogLoss","EmptySection","Note"
"SafeNet_AuthenticationClient_x64_10.8.2154.0-0001_MUL","v3","True","True","0","0","0","0","MainInstallCode",""
"MGEnergySystems_DiagnosticToolSetup_x64_3.17-0001_MUL","v4","True","True","0","0","0","0","",""
"Siemens_SinuTrainSINUMERIK_x86_04.95.0302-0001_MUL","v4","True","True","0","0","0","3","",""
"Schleuniger_Cayman_x86_11.40-0001_MUL","v3","True","True","0","0","0","0","MainInstallCode",""
"Citrix_VirtualDeliveryAgent_x64_2402.0.100.629-0001_ZXX","v3","True","True","0","0","0","0","MainInstallCode",""
"Vector_vSignalyzer_x64_24.0.0.437-0001_MUL","v3","True","True","0","0","0","0","MainInstallCode",""
"Scrive_ScriveGO_x64_3.2.1-0001_MUL","v3","True","True","0","0","0","0","MainInstallCode",""
"RACONSULTING_DiagRA_x86_7.69.45.62794-0001_MUL","v3","True","True","0","0","0","0","MainInstallCode",""
"Kistler_Ceus_x86_8.6.6.9-0001_MUL","v3","True","True","0","0","0","0","MainInstallCode",""
"Altair_InspireSuite_x64_2024.1.0.0-0001_MUL","v3","True","True","0","0","0","0","MainInstallCode",""
"Crowdstrike_WindowsSensor_x64_7.36.20805.0-0001_ZXX","v4","True","True","0","0","0","0","",""
"Isograph_ReliabilityWorkbench_x64_16.0.0-0001_en-US","v4","True","True","0","0","0","0","",""
"Autodesk_MoldflowInsight_x64_50.0.38-0001_MUL","v4","True","True","0","0","0","0","",""
"JAMSoftware_TreeSizeFree_x64_4.7.3-0001_MUL","v3","True","True","0","0","0","0","MainInstallCode",""
"Imagicle_AttendantConsole_x86_2023.1-0001_MUL","v3","True","True","0","0","0","0","MainInstallCode",""
"Auvesy_VersionDog_x86_106.0.1.60000-0001_de-DE","v3","True","True","0","0","0","0","MainInstallCode",""
"Bizagi_BizagiStudio_x64_16.3.78-0001_MUL","v3","True","True","0","0","0","0","MainInstallCode",""
"3dio_ExrIO_x64_2.06.00-0002_MUL","v3","True","True","0","0","0","0","MainInstallCode",""
"Klingelnberg_KIMoS_ALL_5.4.11.2-0001_de-DE","v3","True","True","0","-1","0","0","MainInstallCode",""
"Hexagon_Digimat_x64_2025.1-0001_MUL","v3","True","True","0","0","0","0","MainInstallCode",""
"Microsoft_VisualStudioProfessional2026_x64_18.0.0-0001_MUL","v3","True","True","0","0","2","0","MainInstallCode",""
"MAN_VPNMigration_x86_1.0-0001_MUL","v3","True","True","0","0","0","1","MainInstallCode",""
"Sortienus_QuadroNC_x86_11.2.12-0001_MUL","v3","True","True","0","0","0","0","MainInstallCode",""
"Microsoft_TeamsNew_x64_23320.3021.2567.4799-0001_MUL","v3","True","True","0","0","0","0","MainInstallCode",""
"Bankettprofi_BankettprofiClient_x86_12.1-0001_MUL","v3","True","True","0","0","0","0","MainInstallCode",""
"Citrix_VirtualDeliveryAgent_x64_2507.0.1100.167-0001_MUL","v3","True","True","0","0","0","0","MainInstallCode",""
"Qualcomm_QFIL_x86_2.0.3.5-0001_en-US","v3","True","True","0","0","0","0","MainInstallCode",""
"MikroEpsilon_TimConnect_x86_3.18.3103.0-0001_MUL","v3","True","True","0","0","0","0","MainInstallCode",""
"Microsoft_365AppsSAS_x64_16.0.17328.20452-0001_MUL","v3","True","True","0","0","0","0","MainInstallCode",""
"CSP_QSTorqueMUC_x86_7.58.2.1-0001_de-DE","v3","True","True","0","0","0","0","MainInstallCode",""
"SeagullSoftware_Bartender_x64_11.4.1.240978-0001_MUL","v3","True","True","0","0","0","0","MainInstallCode",""
"PaloAltoNetworks_CortexXDR_x64_9.2.0.90-0001_MUL","v4","True","True","0","0","0","0","",""
"SimPlan_EMCRunner_x64_2.200.10-0001_en-US","v3","True","True","0","0","0","0","MainInstallCode",""
"DassaultSystems_DraftSight_x64_22.3.0025-0001_MUL","v3","True","True","0","0","0","0","MainInstallCode",""
"ODETTEInternational_InvoiceViewer_x64_2.0-0001_MUL","v3","True","True","0","0","0","0","MainInstallCode",""
"dSPACE_SYNECT_x64_2.12.1-0001_MUL","v3","True","True","0","0","0","0","MainInstallCode",""
"BeyondTrust_PrivMgmtMAN_x64_25.4.184-0001_MUL","v3","True","True","0","0","0","0","MainInstallCode",""
"MathWorks_Matlab2026a_x64_26.1-0001_en-US","v4","True","True","0","0","0","0","",""
"APIS_IQFMEAL_x86_7.00.0171-0001_MUL","v3","True","True","0","0","0","0","MainInstallCode",""
"RocketSoftware_ReflectionDesktop_x64_18.0.2214-0002_MUL","v3","True","True","0","0","0","0","MainInstallCode",""
"Synera_Platform_x64_14.1.33.0-0001_MUL","v3","True","True","0","0","0","0","MainInstallCode",""
"PSAutomation_PSCS_x86_4.01-0001_MUL","v3","True","True","0","0","0","0","MainInstallCode",""
"DCS_CATIAAddOn3DCS_x64_7.10.0.0-0001_ZXX","v3","True","True","0","0","0","0","MainInstallCode",""
"Microsoft_VisualStudioCode_x64_1.99.3-0001_MUL","v3","True","True","0","0","0","0","MainInstallCode",""
"Vector_CANdb_x86_3.1.28-0001_MUL","v3","True","True","0","-1","0","0","MainInstallCode",""
"A2Software_CLIQLocalManager_x86_1.9.1-0001_MUL","v3","True","True","0","0","0","0","MainInstallCode",""
"DassaultSystems_CATIAV56_x64_2024.6.2.4-0002_MUL","v3","True","True","0","0","0","0","MainInstallCode",""
"DassaultSystems_ICEMSurf_x64_2024.1-0001_MUL","v3","True","True","0","0","0","0","MainInstallCode",""
"Oracle_SQLDeveloper_x64_26.2.0.186.2220-0001_MUL","v4","True","True","0","0","0","0","",""
"ATS_InspectClientMUE01_x64_6.4.263.300-0001_MUL","v3","True","True","0","0","0","0","MainInstallCode",""
"GammaTechnologies_GTSuite_x64_2026.1.0000-0001_MUL","v4","True","True","0","-2","0","0","",""
"MathWorks_MATLABRuntime_x64_24.2-0001_ZXX","v3","True","True","0","0","0","0","MainInstallCode",""
"CarlZeiss_ZeissInspect_x64_2025.4.0.398-0001_MUL","v4","True","True","0","0","0","0","",""
"SmartManufacturingTechnology_MASTARLM_x64_15.1.192.386-0001_MUL","v4","True","True","0","0","0","0","",""
"HCL_CAMWorks_x64_24.02.00.0000-0001_MUL","v3","True","True","0","0","0","0","MainInstallCode",""
"SealSystems_AddPrinterWizard_x64_5.4.13.154-0001_MUL","v3","True","True","0","1","0","1","MainInstallCode",""
"Microsoft_VisualStudioProfessional2026Advanced_x64_18.3.0-0001_MUL","v3","True","True","0","0","2","0","MainInstallCode",""
"DSA_PRODISAuthoring_x64_5.8.9-0001_en-US","v3","True","True","0","0","0","0","MainInstallCode",""
"AVL_DeviceCenterLauncher_x86_1.7.0.182077-0001_ZXX","v3","True","True","0","0","0","0","MainInstallCode",""
"PTC_CreoViewMAN_x64_19.1.0.0-0001_MUL","v4","True","True","0","0","0","0","",""
"GLIWA_T1timing_x64_4.0.20204.10321-0001_MUL","v4","True","True","0","-1","0","0","",""
"ApexToolGroup_mProRemotePro_x86_2.5.1.16447-0001_MUL","v3","True","True","0","0","0","0","MainInstallCode",""
"CarlZeiss_ZeissInspect_x64_2023.4.0.459-0001_MUL","v3","True","True","0","0","0","0","MainInstallCode",""
"DassaultSystems_DiotaPlayer_x64_4.5.5-0001_MUL","v3","True","True","0","-1","0","0","MainInstallCode",""
"Citrix_VirtualDeliveryAgentStep1_x64_2507.0.1100.167-0001_MUL","v4","True","True","0","0","0","0","MainInstallCode",""
"Crosscert_UniCRSV3_x86_2.0.17.0-0001_ZXX","v3","True","True","0","0","0","0","MainInstallCode",""
"Adobe_Uninstaller_x64_1.0-0001_ZXX","v3","True","True","0","0","0","0","MainInstallCode",""
"ESCRIBA_EscribaDesigner_x64_1.8.052-0001_MUL","v3","True","True","0","0","0","0","MainInstallCode",""
"dSPACE_SYNECT_x64_24.1-0001_MUL","v3","True","True","0","0","0","0","MainInstallCode",""
"Altair_HyperworksInd_x64_2023.1-0001_MUL","v3","True","True","0","0","0","0","MainInstallCode",""
"SolidCam_SolidCam_x64_19.00.0-0001_MUL","v3","True","True","0","0","0","0","MainInstallCode",""
"Vector_CANoe_x64_15.6.6-0001_MUL","v3","True","True","0","0","0","0","MainInstallCode",""
"elaborateInnovations_AutoCrear_x64_2.321-0001_MUL","v3","True","True","0","0","0","0","MainInstallCode",""
"Adobe_InDesign_x64_19.4-0001_de-DE","v3","True","True","0","0","0","0","MainInstallCode",""
"Gephi_Gephi_x64_0.11.2-0001_de-DE","v4","True","True","0","0","0","0","",""
"UniversityofNevadaLasVegas_Tesseract_x64_5.4.0.20240606-0001_MUL","v3","True","True","0","0","0","0","",""
"PTC_Integrity_x64_13.3.0-0002_MUL","v3","True","True","0","0","0","0","MainInstallCode",""
"SparxSystems_EnterpriseArchitect_x86_16.1.1628.14-0001_en-US","v3","True","True","0","0","0","0","MainInstallCode",""
"PaloAltoNetworks_GlobalProtect_x64_6.2.8.416-0001_MUL","v3","True","True","0","0","0","0","MainInstallCode",""
"CarlZeiss_ZeissInspect_x64_2025.3.2.2-0001_MUL","v3","True","True","0","0","0","0","MainInstallCode",""
"CarlZeiss_PiWebEnterprise_x64_8.6.26.0-0001_MUL","v3","True","True","0","-1","0","0","MainInstallCode",""
"CSInstruments_CSLeakReporter_x64_2.1.32-0001_MUL","v3","True","True","0","0","0","0","MainInstallCode",""
"GammaTechnologies_GTSuite_x64_2024.2.0200-0002_MUL","v3","True","True","0","0","0","0","MainInstallCode",""
"Autodesk_InventorRevitInteroperabilityPlugin_x64_2026.4.0.32-0001_de-DE","v4","True","True","0","0","0","0","",""
"Oracle_MySQLConnectorODBC_x64_9.7.0-0001_ZXX","v4","True","True","0","0","0","0","",""
"RIB_avasign_x64_2.5.0-0001_MUL","v4","True","True","0","0","0","0","",""
"MathWorks_Roadrunner_x64_1.11.3-0001_en-US","v4","True","True","0","0","0","0","",""
"Scania_Gadget3_x86_8600.2.8.0-0001_MUL","v3","True","True","0","0","0","0","MainInstallCode",""
"Microsoft_365AppsMOS_x64_16.0.17628.20188-0001_MUL","v3","True","True","0","0","0","0","MainInstallCode",""
"Altair_HyperWorks_x64_2025.1-0001_en-US","v3","True","True","0","0","0","0","MainInstallCode",""
"Voidtools_Everything_x64_1.4.1.1032-0001_MUL","v4","True","True","0","0","0","0","",""
"BETACAESystems_ANSA_x64_23.1.0.4013-0001_MUL","v3","True","True","0","0","0","0","MainInstallCode",""
"DisplayLink_DisplayLinkGraphics_x64_12.2.1932.0-0001_ZXX","v4","True","True","0","0","0","0","",""
"GitHub_GithubDesktop_x64_3.5.4-0001_MUL","v3","True","True","0","0","0","0","MainInstallCode",""
"AVL_CONCERTO_x64_5.6.3.127-0001_MUL","v3","True","True","0","0","0","0","MainInstallCode",""
"Cryptovision_Scinterface_x64_8.1.0.718-0001_MUL","v3","True","True","0","0","0","0","",""
"AVLList_EngineersOfficePUMAOpen2_x86_6.6.2642.2-0001_MUL","v4","True","True","0","0","0","0","",""
"GfKGeoMarketing_RegioGraphAnalysis_x64_16.0.200-0001_de-DE","v3","True","True","0","0","0","0","MainInstallCode",""
"RaonSecure_KSbizInstaller_x86_2.2.0.3110-0001_ZXX","v3","True","True","0","0","0","0","MainInstallCode",""
"Lenovo_ThinkCentre M75qt Gen5 BootOrder Config_x64_1.0.0.0-0001_ZXX","v3","True","True","0","0","0","0","","EXCEPTION: Exception calling ""Escape"" with ""1"" argument(s): ""Value cannot be null.
Parameter name: str"""
"COSCOM_ProfiCAM_x64_25.09.2610.521811-0001_de-DE","v3","True","True","0","0","0","0","MainInstallCode",""
"TrailerConsultation_TrailerWINUK_x86_2.1.3-0001_en-US","v3","True","True","0","0","0","0","MainInstallCode",""
"Adobe_InDesign_x64_19.4-0001_en-US","v3","True","True","0","0","0","0","MainInstallCode",""
"GitLab_GitlabRunner_x64_17.10.1-0001_ZXX","v3","True","True","0","0","0","0","MainInstallCode",""
"DSA_PRODISAuthoring_x64_5.10.9-0001_en-US","v4","True","True","0","0","0","0","",""
"HBK_nCode_x64_25.1.0.0-0001_en-US","v3","True","True","0","0","0","0","MainInstallCode",""
"OpenText_ReflectionDesktop_x86_18.0.1168-0001_MUL","v3","True","True","0","0","0","0","MainInstallCode",""
"IPETRONIK_IPEmotion_x64_15.02.00-0001_MUL","v3","True","True","0","-1","0","0","MainInstallCode",""
"Inchron_chronSUITE_x64_3.2.0530-0001_MUL","v3","True","True","0","0","0","0","MainInstallCode",""
"BambuLab_BambuStudio_x64_2.5.0.66-0001_MUL","v4","True","True","0","0","0","0","",""
"XecureWeb_Control_x86_1.0-0001_ZXX","v3","True","True","0","0","0","0","MainInstallCode",""
"Altair_Pulse_x64_2025.1-0001_MUL","v3","True","True","0","0","0","0","MainInstallCode",""
"BykGardner_easyLink_x86_2.10.3-0001_MUL","v3","True","True","0","0","0","0","MainInstallCode",""
"Automeris_WebPlotDigitizer_x64_4.7-0001_en-US","v3","True","True","0","0","0","0","MainInstallCode",""
"COPADATA_SmartClient_x64_15.0.6.8586-0001_MUL","v3","True","True","0","0","0","0","MainInstallCode",""
"InnovMetric_PolyWorksMetrologySuite_x64_25.4.3029-0001_MUL","v3","True","True","0","0","0","0","MainInstallCode",""
"Citrix_VirtualDeliveryAgentStep1_x64_2203.0.3000.3300-0001_ZXX","v3","True","True","0","0","0","0","MainInstallCode",""
"MTM_TiCon_x64_4.8.8.1911-0001_MUL","v3","True","True","0","0","0","0","MainInstallCode",""
"IrfanSkiljan_IrfanView_x64_4.70-0001_MUL","v3","True","True","0","0","0","0","MainInstallCode",""
"WibuSystems_CodeMeterRuntimeKit_x64_7.60.5609.501-0001_MUL","v3","True","True","0","0","0","3","MainUninstallCode",""
